{"cameraMode":{"drawMode":0,"name":"Shaded","section":"Shading Mode"},"sceneLighting":true,"audioPlay":false,"sceneViewState":{"showFog":true,"showMaterialUpdate":false,"showSkybox":true,"showFlares":true,"showImageEffects":true,"showParticleSystems":true},"in2DMode":false,"pivot":{"x":-238.0,"y":127.5999984741211,"z":-33.80012130737305},"rotation":{"x":-0.02602889947593212,"y":0.7192155122756958,"z":0.02698327600955963,"w":0.6937781572341919},"size":137.9439697265625,"orthographic":true}